{
    "folds": [
        {
            "accuracy": 0.884619140625,
            "precision": 0.8952650748684743,
            "recall": 0.85626919206255,
            "f1": 0.8753330343717851,
            "confusion_matrix": [
                [
                    39285,
                    3882
                ],
                [
                    5570,
                    33183
                ]
            ],
            "classification_report": {
                "0": {
                    "precision": 0.8758220934121057,
                    "recall": 0.910070192508166,
                    "f1-score": 0.892617754652246,
                    "support": 43167.0
                },
                "1": {
                    "precision": 0.8952650748684743,
                    "recall": 0.85626919206255,
                    "f1-score": 0.8753330343717851,
                    "support": 38753.0
                },
                "accuracy": 0.884619140625,
                "macro avg": {
                    "precision": 0.88554358414029,
                    "recall": 0.883169692285358,
                    "f1-score": 0.8839753945120156,
                    "support": 81920.0
                },
                "weighted avg": {
                    "precision": 0.8850197723718061,
                    "recall": 0.884619140625,
                    "f1-score": 0.8844410607432043,
                    "support": 81920.0
                }
            },
            "roc_auc": 0.9431252435741053
        },
        {
            "accuracy": 0.83934326171875,
            "precision": 0.8298359706168874,
            "recall": 0.8247330960854092,
            "f1": 0.8272766644356077,
            "confusion_matrix": [
                [
                    37241,
                    6463
                ],
                [
                    6698,
                    31518
                ]
            ],
            "classification_report": {
                "0": {
                    "precision": 0.8475613919297208,
                    "recall": 0.8521187991945818,
                    "f1-score": 0.8498339856006755,
                    "support": 43704.0
                },
                "1": {
                    "precision": 0.8298359706168874,
                    "recall": 0.8247330960854092,
                    "f1-score": 0.8272766644356077,
                    "support": 38216.0
                },
                "accuracy": 0.83934326171875,
                "macro avg": {
                    "precision": 0.8386986812733042,
                    "recall": 0.8384259476399956,
                    "f1-score": 0.8385553250181416,
                    "support": 81920.0
                },
                "weighted avg": {
                    "precision": 0.8392924136473571,
                    "recall": 0.83934326171875,
                    "f1-score": 0.8393109071626356,
                    "support": 81920.0
                }
            },
            "roc_auc": 0.929118997418491
        },
        {
            "accuracy": 0.86873779296875,
            "precision": 0.845602103976835,
            "recall": 0.8656314587185903,
            "f1": 0.8554995632600955,
            "confusion_matrix": [
                [
                    39336,
                    5812
                ],
                [
                    4941,
                    31831
                ]
            ],
            "classification_report": {
                "0": {
                    "precision": 0.8884070736499763,
                    "recall": 0.871267830247187,
                    "f1-score": 0.8797539837852949,
                    "support": 45148.0
                },
                "1": {
                    "precision": 0.845602103976835,
                    "recall": 0.8656314587185903,
                    "f1-score": 0.8554995632600955,
                    "support": 36772.0
                },
                "accuracy": 0.86873779296875,
                "macro avg": {
                    "precision": 0.8670045888134057,
                    "recall": 0.8684496444828886,
                    "f1-score": 0.8676267735226952,
                    "support": 81920.0
                },
                "weighted avg": {
                    "precision": 0.8691929092844888,
                    "recall": 0.86873779296875,
                    "f1-score": 0.8688667334001309,
                    "support": 81920.0
                }
            },
            "roc_auc": 0.9475979316815442
        }
    ],
    "average": {
        "accuracy": 0.8642333984375,
        "precision": 0.8569010498207322,
        "recall": 0.8488779156221832,
        "f1": 0.8527030873558293,
        "roc_auc": 0.9399473908913801
    }
}