{
    "val": [
        {
            "accuracy": 0.6704556262058097,
            "precision": 0.5907567730688319,
            "recall": 0.9068076253612634,
            "f1": 0.715432000272189,
            "confusion_matrix": [
                [
                    6034236,
                    6758940
                ],
                [
                    1002700,
                    9756764
                ]
            ],
            "classification_report": {
                "0": {
                    "precision": 0.857509006760897,
                    "recall": 0.47167614984738737,
                    "f1-score": 0.6085932343700328,
                    "support": 12793176.0
                },
                "1": {
                    "precision": 0.5907567730688319,
                    "recall": 0.9068076253612634,
                    "f1-score": 0.715432000272189,
                    "support": 10759464.0
                },
                "accuracy": 0.6704556262058097,
                "macro avg": {
                    "precision": 0.7241328899148645,
                    "recall": 0.6892418876043254,
                    "f1-score": 0.6620126173211109,
                    "support": 23552640.0
                },
                "weighted avg": {
                    "precision": 0.7356495865290521,
                    "recall": 0.6704556262058097,
                    "f1-score": 0.6573999862045905,
                    "support": 23552640.0
                }
            },
            "roc_auc": 0.726052872396465
        },
        {
            "accuracy": 0.6469152078068531,
            "precision": 0.5698731072104376,
            "recall": 0.9260605361010549,
            "f1": 0.705562038172549,
            "confusion_matrix": [
                [
                    5272646,
                    7520530
                ],
                [
                    795549,
                    9963915
                ]
            ],
            "classification_report": {
                "0": {
                    "precision": 0.8688985769244396,
                    "recall": 0.41214519365636804,
                    "f1-score": 0.559094670265486,
                    "support": 12793176.0
                },
                "1": {
                    "precision": 0.5698731072104376,
                    "recall": 0.9260605361010549,
                    "f1-score": 0.705562038172549,
                    "support": 10759464.0
                },
                "accuracy": 0.6469152078068531,
                "macro avg": {
                    "precision": 0.7193858420674386,
                    "recall": 0.6691028648787114,
                    "f1-score": 0.6323283542190175,
                    "support": 23552640.0
                },
                "weighted avg": {
                    "precision": 0.7322958955914386,
                    "recall": 0.6469152078068531,
                    "f1-score": 0.6260048073953703,
                    "support": 23552640.0
                }
            },
            "roc_auc": 0.7207683531288472
        },
        {
            "accuracy": 0.6682185096872367,
            "precision": 0.5886742831349127,
            "recall": 0.9085771372997763,
            "f1": 0.7144504759493701,
            "confusion_matrix": [
                [
                    5962507,
                    6830669
                ],
                [
                    983661,
                    9775803
                ]
            ],
            "classification_report": {
                "0": {
                    "precision": 0.8583879629746933,
                    "recall": 0.4660693325879359,
                    "f1-score": 0.6041241289477502,
                    "support": 12793176.0
                },
                "1": {
                    "precision": 0.5886742831349127,
                    "recall": 0.9085771372997763,
                    "f1-score": 0.7144504759493701,
                    "support": 10759464.0
                },
                "accuracy": 0.6682185096872367,
                "macro avg": {
                    "precision": 0.7235311230548029,
                    "recall": 0.687323234943856,
                    "f1-score": 0.6592873024485602,
                    "support": 23552640.0
                },
                "weighted avg": {
                    "precision": 0.7351756764308645,
                    "recall": 0.6682185096872367,
                    "f1-score": 0.6545240993466286,
                    "support": 23552640.0
                }
            },
            "roc_auc": 0.72597482345767
        },
        {
            "accuracy": 0.6713485621993968,
            "precision": 0.5917047086842849,
            "recall": 0.9051801279320234,
            "f1": 0.7156186378579906,
            "confusion_matrix": [
                [
                    6072778,
                    6720398
                ],
                [
                    1020211,
                    9739253
                ]
            ],
            "classification_report": {
                "0": {
                    "precision": 0.8561662791243578,
                    "recall": 0.4746888497430192,
                    "f1-score": 0.6107540594176907,
                    "support": 12793176.0
                },
                "1": {
                    "precision": 0.5917047086842849,
                    "recall": 0.9051801279320234,
                    "f1-score": 0.7156186378579906,
                    "support": 10759464.0
                },
                "accuracy": 0.6713485621993968,
                "macro avg": {
                    "precision": 0.7239354939043214,
                    "recall": 0.6899344888375213,
                    "f1-score": 0.6631863486378407,
                    "support": 23552640.0
                },
                "weighted avg": {
                    "precision": 0.735353293975626,
                    "recall": 0.6713485621993968,
                    "f1-score": 0.6586589506147532,
                    "support": 23552640.0
                }
            },
            "roc_auc": 0.7267475416378597
        }
    ],
    "test": {}
}